step,b1_x,b1_y,b2_x,b2_y,b3_x,b3_y
0,0.99997,0.00501768,-0.99997,-0.00498232,-0.005,0.999965
1,0.999879,0.0100704,-0.999879,-0.00992899,-0.00999965,0.999859
2,0.999728,0.0151579,-0.999729,-0.0148397,-0.0149986,0.999682
3,0.999515,0.0202798,-0.999519,-0.0197141,-0.0199965,0.999434
4,0.999242,0.025436,-0.999249,-0.024552,-0.0249929,0.999116
5,0.998907,0.030626,-0.99892,-0.0293529,-0.0299876,0.998727
6,0.998511,0.0358495,-0.998531,-0.0341166,-0.0349802,0.998267
7,0.998053,0.0411064,-0.998083,-0.0388428,-0.0399703,0.997736
8,0.997533,0.0463963,-0.997575,-0.0435312,-0.0449575,0.997135
9,0.996951,0.0517189,-0.997009,-0.0481813,-0.0499416,0.996462
10,0.996306,0.0570739,-0.996384,-0.052793,-0.0549221,0.995719
11,0.995599,0.0624611,-0.995701,-0.0573657,-0.0598987,0.994905
12,0.994829,0.0678801,-0.994958,-0.0618993,-0.064871,0.994019
13,0.993996,0.0733308,-0.994158,-0.0663934,-0.0698387,0.993063
14,0.9931,0.0788127,-0.993298,-0.0708475,-0.0748014,0.992035
15,0.99214,0.0843257,-0.992381,-0.0752615,-0.0797587,0.990936
16,0.991116,0.0898694,-0.991405,-0.0796348,-0.0847103,0.989765
17,0.990028,0.0954436,-0.990372,-0.0839672,-0.0896558,0.988524
18,0.988875,0.101048,-0.98928,-0.0882583,-0.0945949,0.98721
19,0.987658,0.106682,-0.988131,-0.0925076,-0.0995271,0.985825
20,0.986376,0.112346,-0.986923,-0.096715,-0.104452,0.984369
21,0.985028,0.118039,-0.985658,-0.10088,-0.10937,0.982841
22,0.983615,0.123762,-0.984336,-0.105002,-0.114279,0.98124
23,0.982136,0.129513,-0.982955,-0.109081,-0.11918,0.979568
24,0.98059,0.135292,-0.981518,-0.113116,-0.124073,0.977824
25,0.978978,0.1411,-0.980023,-0.117107,-0.128956,0.976007
26,0.9773,0.146936,-0.97847,-0.121053,-0.13383,0.974118
27,0.975554,0.152799,-0.97686,-0.124955,-0.138694,0.972156
28,0.97374,0.15869,-0.975193,-0.128812,-0.143548,0.970122
29,0.971859,0.164607,-0.973468,-0.132622,-0.148391,0.968015
30,0.969909,0.170552,-0.971686,-0.136387,-0.153223,0.965835
31,0.96789,0.176523,-0.969847,-0.140105,-0.158043,0.963582
32,0.965803,0.18252,-0.967951,-0.143775,-0.162852,0.961256
33,0.963646,0.188543,-0.965998,-0.147399,-0.167648,0.958856
34,0.961419,0.194592,-0.963988,-0.150974,-0.172432,0.956382
35,0.959122,0.200665,-0.96192,-0.1545,-0.177202,0.953835
36,0.956755,0.206764,-0.959795,-0.157978,-0.181959,0.951214
37,0.954316,0.212888,-0.957614,-0.161406,-0.186703,0.948518
38,0.951806,0.219035,-0.955375,-0.164784,-0.191431,0.945749
39,0.949224,0.225207,-0.953079,-0.168112,-0.196145,0.942904
40,0.94657,0.231403,-0.950726,-0.171388,-0.200844,0.939985
41,0.943843,0.237622,-0.948316,-0.174613,-0.205527,0.936991
42,0.941043,0.243864,-0.945849,-0.177785,-0.210194,0.933922
43,0.938169,0.250128,-0.943324,-0.180905,-0.214845,0.930777
44,0.935221,0.256415,-0.940743,-0.183972,-0.219478,0.927556
45,0.932198,0.262724,-0.938104,-0.186984,-0.224094,0.92426
46,0.9291,0.269055,-0.935408,-0.189942,-0.228692,0.920887
47,0.925926,0.275407,-0.932654,-0.192845,-0.233272,0.917438
48,0.922676,0.28178,-0.929844,-0.195692,-0.237832,0.913912
49,0.919349,0.288174,-0.926976,-0.198483,-0.242374,0.910309
50,0.915945,0.294587,-0.92405,-0.201216,-0.246895,0.906629
51,0.912464,0.301021,-0.921067,-0.203892,-0.251397,0.902871
52,0.908903,0.307474,-0.918026,-0.206509,-0.255877,0.899036
53,0.905264,0.313946,-0.914928,-0.209067,-0.260336,0.895122
54,0.901545,0.320436,-0.911772,-0.211566,-0.264774,0.891129
55,0.897746,0.326945,-0.908558,-0.214003,-0.269189,0.887058
56,0.893867,0.333471,-0.905286,-0.216379,-0.273581,0.882908
57,0.889906,0.340015,-0.901956,-0.218693,-0.27795,0.878678
58,0.885863,0.346576,-0.898568,-0.220944,-0.282295,0.874368
59,0.881737,0.353153,-0.895122,-0.223131,-0.286616,0.869978
60,0.877528,0.359746,-0.891617,-0.225254,-0.290911,0.865508
61,0.873235,0.366355,-0.888054,-0.227311,-0.295181,0.860956
62,0.868858,0.372978,-0.884432,-0.229301,-0.299425,0.856323
63,0.864395,0.379616,-0.880752,-0.231224,-0.303643,0.851608
64,0.859846,0.386268,-0.877013,-0.233079,-0.307833,0.846811
65,0.85521,0.392933,-0.873215,-0.234865,-0.311996,0.841932
66,0.850487,0.399611,-0.869357,-0.23658,-0.31613,0.836969
67,0.845676,0.406302,-0.865441,-0.238224,-0.320235,0.831923
68,0.840776,0.413004,-0.861465,-0.239796,-0.324311,0.826792
69,0.835786,0.419717,-0.857429,-0.241295,-0.328357,0.821577
70,0.830705,0.426441,-0.853334,-0.242718,-0.332372,0.816278
71,0.825533,0.433175,-0.849178,-0.244067,-0.336355,0.810892
72,0.820269,0.439917,-0.844962,-0.245338,-0.340307,0.805421
73,0.814912,0.446669,-0.840686,-0.246531,-0.344226,0.799862
74,0.809462,0.453428,-0.83635,-0.247645,-0.348112,0.794217
75,0.803916,0.460195,-0.831952,-0.248679,-0.351964,0.788484
76,0.798276,0.466967,-0.827494,-0.24963,-0.355782,0.782662
77,0.792538,0.473746,-0.822974,-0.250498,-0.359564,0.776752
78,0.786704,0.480529,-0.818393,-0.251281,-0.363311,0.770752
79,0.780771,0.487317,-0.81375,-0.251978,-0.367021,0.764661
80,0.77474,0.494108,-0.809045,-0.252587,-0.370695,0.758479
81,0.768608,0.500901,-0.804278,-0.253106,-0.37433,0.752206
82,0.762375,0.507695,-0.799448,-0.253535,-0.377927,0.745839
83,0.756041,0.51449,-0.794556,-0.25387,-0.381485,0.73938
84,0.749603,0.521285,-0.7896,-0.254111,-0.385003,0.732826
85,0.743062,0.528078,-0.784581,-0.254255,-0.388481,0.726177
86,0.736416,0.534869,-0.779498,-0.254301,-0.391918,0.719432
87,0.729664,0.541656,-0.774351,-0.254247,-0.395312,0.712591
88,0.722805,0.548439,-0.76914,-0.25409,-0.398665,0.705651
89,0.715838,0.555216,-0.763864,-0.253829,-0.401974,0.698612
90,0.708762,0.561987,-0.758523,-0.25346,-0.405239,0.691474
91,0.701576,0.568749,-0.753117,-0.252983,-0.408459,0.684234
92,0.694279,0.575502,-0.747645,-0.252393,-0.411635,0.676891
93,0.686871,0.582244,-0.742106,-0.25169,-0.414764,0.669445
94,0.679348,0.588975,-0.736501,-0.250869,-0.417847,0.661894
95,0.671712,0.595692,-0.730829,-0.249928,-0.420883,0.654236
96,0.66396,0.602394,-0.72509,-0.248865,-0.42387,0.646471
97,0.656092,0.60908,-0.719283,-0.247675,-0.426809,0.638595
98,0.648107,0.615748,-0.713407,-0.246357,-0.429699,0.630609
99,0.640002,0.622397,-0.707463,-0.244906,-0.432539,0.622509
100,0.631778,0.629025,-0.701449,-0.243319,-0.435329,0.614294
101,0.623434,0.63563,-0.695366,-0.241591,-0.438068,0.605962
102,0.614967,0.64221,-0.689213,-0.23972,-0.440755,0.59751
103,0.606378,0.648764,-0.682988,-0.237701,-0.44339,0.588936
104,0.597664,0.65529,-0.676693,-0.235528,-0.445972,0.580238
105,0.588826,0.661785,-0.670326,-0.233198,-0.448501,0.571413
106,0.579862,0.668248,-0.663886,-0.230705,-0.450976,0.562457
107,0.57077,0.674677,-0.657374,-0.228045,-0.453397,0.553367
108,0.561551,0.681069,-0.650788,-0.22521,-0.455763,0.544141
109,0.552202,0.687423,-0.644128,-0.222196,-0.458074,0.534773
110,0.542724,0.693735,-0.637394,-0.218994,-0.46033,0.525259
111,0.533114,0.700004,-0.630584,-0.215599,-0.46253,0.515595
112,0.523373,0.706227,-0.623699,-0.212003,-0.464674,0.505776
113,0.5135,0.712401,-0.616738,-0.208197,-0.466761,0.495796
114,0.503493,0.718525,-0.6097,-0.204173,-0.468792,0.485648
115,0.493351,0.724594,-0.602585,-0.19992,-0.470766,0.475326
116,0.483075,0.730607,-0.595393,-0.195429,-0.472683,0.464822
117,0.472664,0.73656,-0.588122,-0.190688,-0.474542,0.454127
118,0.462117,0.742451,-0.580773,-0.185683,-0.476344,0.443232
119,0.451433,0.748277,-0.573345,-0.180402,-0.478088,0.432125
120,0.440612,0.754034,-0.565838,-0.174829,-0.479774,0.420795
121,0.429653,0.759719,-0.558253,-0.168946,-0.481401,0.409227
122,0.418558,0.765329,-0.550589,-0.162734,-0.482968,0.397405
123,0.407324,0.770861,-0.542848,-0.156172,-0.484476,0.385311
124,0.395953,0.776312,-0.53503,-0.149236,-0.485923,0.372924
125,0.384443,0.781677,-0.527136,-0.141896,-0.487307,0.360219
126,0.372796,0.786954,-0.51917,-0.134121,-0.488626,0.347168
127,0.361012,0.792138,-0.511135,-0.125874,-0.489877,0.333736
128,0.34909,0.797226,-0.503034,-0.117109,-0.491056,0.319883
129,0.337031,0.802215,-0.494875,-0.107775,-0.492156,0.30556
130,0.324837,0.8071,-0.486669,-0.0978065,-0.493168,0.290707
131,0.312506,0.811878,-0.478428,-0.0871255,-0.494078,0.275248
132,0.300041,0.816544,-0.470174,-0.0756328,-0.494868,0.259089
133,0.287442,0.821095,-0.461938,-0.0632003,-0.495504,0.242106
134,0.27471,0.825526,-0.45377,-0.0496573,-0.495941,0.224131
135,0.261847,0.829834,-0.445751,-0.0347671,-0.496096,0.204934
136,0.248852,0.834013,-0.438023,-0.0181836,-0.495829,0.18417
137,0.235728,0.838061,-0.430864,0.000636009,-0.494864,0.161303
138,0.222476,0.841971,-0.424888,0.0226299,-0.492589,0.135399
139,0.209097,0.845741,-0.421829,0.0496515,-0.487267,0.104608
140,0.195591,0.849363,-0.429198,0.0855561,-0.471393,0.0650807
141,0.181959,0.852835,-0.477401,0.101693,-0.414557,0.0454723
142,0.168202,0.856151,-0.515057,0.108528,-0.368145,0.0353211
143,0.154322,0.859308,-0.549325,0.11378,-0.324997,0.0269123
144,0.140323,0.862302,-0.581915,0.118476,-0.283407,0.0192214
145,0.126208,0.865129,-0.613483,0.122921,-0.242726,0.0119497
146,0.111984,0.867786,-0.644346,0.127239,-0.202638,0.00497572
147,0.0976549,0.870268,-0.674687,0.131492,-0.162968,-0.00175989
148,0.083228,0.872574,-0.704618,0.135715,-0.12361,-0.00828971
149,0.0687106,0.874703,-0.734216,0.13993,-0.0844948,-0.0146335
150,0.0541099,0.876654,-0.763533,0.144151,-0.0455769,-0.0208043
151,0.039434,0.878427,-0.792609,0.148385,-0.00682504,-0.0268121
152,0.0246905,0.880025,-0.821473,0.152639,0.0317825,-0.0326646
153,0.00988696,0.881451,-0.850148,0.156919,0.0702608,-0.0383694
154,-0.0049693,0.882708,-0.878652,0.161225,0.108621,-0.0439332
155,-0.0198717,0.883802,-0.906999,0.165561,0.146871,-0.0493631
156,-0.0348141,0.884738,-0.935202,0.169928,0.185017,-0.0546662
157,-0.0497913,0.885522,-0.963271,0.174328,0.223063,-0.0598497
158,-0.0647988,0.886161,-0.991214,0.178759,0.261013,-0.0649207
159,-0.0798326,0.886662,-1.01904,0.183224,0.298871,-0.0698863
160,-0.0948899,0.887032,-1.04675,0.187722,0.33664,-0.0747536
161,-0.109968,0.887277,-1.07435,0.192253,0.374322,-0.0795294
162,-0.125065,0.887404,-1.10186,0.196816,0.41192,-0.0842202
163,-0.14018,0.88742,-1.12926,0.201413,0.449438,-0.0888324
164,-0.155312,0.88733,-1.15657,0.206041,0.486878,-0.0933717
165,-0.170461,0.887142,-1.18378,0.210702,0.524243,-0.0978437
166,-0.185626,0.88686,-1.21091,0.215394,0.561536,-0.102254
167,-0.200807,0.886489,-1.23795,0.220117,0.598759,-0.106606
168,-0.216005,0.886035,-1.26491,0.224871,0.635915,-0.110906
169,-0.231221,0.885502,-1.29179,0.229654,0.673007,-0.115156
170,-0.246454,0.884894,-1.31858,0.234467,0.710037,-0.119362
171,-0.261706,0.884216,-1.3453,0.23931,0.747009,-0.123526
172,-0.276977,0.883471,-1.37195,0.24418,0.783923,-0.127651
173,-0.292268,0.882662,-1.39852,0.249078,0.820783,-0.13174
174,-0.30758,0.881793,-1.42501,0.254004,0.857592,-0.135797
175,-0.322913,0.880867,-1.45144,0.258956,0.89435,-0.139823
176,-0.338269,0.879886,-1.47779,0.263934,0.931061,-0.14382
177,-0.353648,0.878853,-1.50408,0.268938,0.967726,-0.147792
178,-0.369051,0.877771,-1.5303,0.273967,1.00435,-0.151738
179,-0.384478,0.876642,-1.55645,0.27902,1.04093,-0.155662
180,-0.399931,0.875467,-1.58253,0.284097,1.07746,-0.159564
181,-0.41541,0.874249,-1.60855,0.289198,1.11396,-0.163447
182,-0.430915,0.87299,-1.63451,0.294321,1.15043,-0.16731
183,-0.446448,0.871691,-1.66041,0.299466,1.18685,-0.171157
184,-0.462008,0.870354,-1.68624,0.304633,1.22325,-0.174987
185,-0.477597,0.86898,-1.71201,0.309822,1.25961,-0.178802
186,-0.493215,0.867572,-1.73772,0.315031,1.29593,-0.182603
187,-0.508861,0.86613,-1.76337,0.32026,1.33223,-0.18639
188,-0.524538,0.864655,-1.78896,0.325509,1.3685,-0.190164
189,-0.540244,0.86315,-1.81449,0.330777,1.40474,-0.193927
190,-0.555981,0.861614,-1.83997,0.336064,1.44095,-0.197678
191,-0.571749,0.86005,-1.86539,0.341369,1.47714,-0.201419
192,-0.587548,0.858458,-1.89075,0.346692,1.5133,-0.205149
193,-0.603378,0.856839,-1.91606,0.352032,1.54944,-0.20887
194,-0.61924,0.855194,-1.94131,0.357389,1.58555,-0.212582
195,-0.635134,0.853524,-1.96651,0.362762,1.62164,-0.216286
196,-0.65106,0.85183,-1.99165,0.368151,1.65771,-0.219981
197,-0.667019,0.850113,-2.01674,0.373556,1.69376,-0.223669
198,-0.683009,0.848374,-2.04177,0.378976,1.72978,-0.22735
199,-0.699033,0.846613,-2.06676,0.384411,1.76579,-0.231024
200,-0.715089,0.844831,-2.09169,0.38986,1.80178,-0.234691
201,-0.731178,0.843029,-2.11657,0.395322,1.83775,-0.238351
202,-0.7473,0.841207,-2.1414,0.400799,1.8737,-0.242006
203,-0.763455,0.839367,-2.16618,0.406288,1.90963,-0.245655
204,-0.779644,0.837508,-2.1909,0.411791,1.94555,-0.249299
205,-0.795866,0.835632,-2.21558,0.417305,1.98145,-0.252937
206,-0.812121,0.833739,-2.24021,0.422832,2.01733,-0.256571
207,-0.828409,0.831829,-2.26479,0.428371,2.0532,-0.2602
208,-0.844731,0.829904,-2.28932,0.43392,2.08906,-0.263824
209,-0.861086,0.827963,-2.31381,0.439481,2.12489,-0.267444
210,-0.877475,0.826007,-2.33824,0.445052,2.16072,-0.271059
211,-0.893897,0.824037,-2.36263,0.450634,2.19653,-0.274671
212,-0.910353,0.822053,-2.38698,0.456226,2.23233,-0.278279
213,-0.926842,0.820056,-2.41127,0.461827,2.26811,-0.281883
214,-0.943364,0.818045,-2.43552,0.467438,2.30389,-0.285483
215,-0.95992,0.816023,-2.45973,0.473057,2.33965,-0.28908
216,-0.976509,0.813988,-2.48388,0.478686,2.37539,-0.292674
217,-0.993132,0.811942,-2.508,0.484323,2.41113,-0.296265
218,-1.00979,0.809884,-2.53207,0.489968,2.44686,-0.299852
219,-1.02648,0.807816,-2.55609,0.495621,2.48257,-0.303437
220,-1.0432,0.805737,-2.58007,0.501282,2.51827,-0.307019
221,-1.05995,0.803648,-2.60401,0.50695,2.55396,-0.310598
222,-1.07674,0.80155,-2.6279,0.512625,2.58965,-0.314174
223,-1.09356,0.799442,-2.65175,0.518306,2.62532,-0.317748
224,-1.11042,0.797325,-2.67556,0.523995,2.66098,-0.32132
225,-1.1273,0.795199,-2.69933,0.529689,2.69663,-0.324889
226,-1.14422,0.793066,-2.72305,0.53539,2.73228,-0.328456
227,-1.16118,0.790924,-2.74673,0.541096,2.76791,-0.33202
228,-1.17816,0.788774,-2.77037,0.546808,2.80354,-0.335583
229,-1.19518,0.786617,-2.79397,0.552526,2.83915,-0.339143
230,-1.21223,0.784453,-2.81753,0.558248,2.87476,-0.342701
231,-1.22931,0.782282,-2.84105,0.563975,2.91036,-0.346258
232,-1.24643,0.780105,-2.86452,0.569707,2.94595,-0.349812
233,-1.26357,0.777922,-2.88796,0.575443,2.98153,-0.353365
234,-1.28075,0.775732,-2.91136,0.581183,3.01711,-0.356916
235,-1.29796,0.773537,-2.93472,0.586928,3.05268,-0.360465
236,-1.3152,0.771337,-2.95803,0.592676,3.08824,-0.364012
237,-1.33248,0.769131,-2.98131,0.598427,3.12379,-0.367558
238,-1.34978,0.76692,-3.00455,0.604182,3.15934,-0.371102
239,-1.36712,0.764705,-3.02776,0.60994,3.19488,-0.374645
240,-1.38449,0.762485,-3.05092,0.615701,3.23041,-0.378187
241,-1.40189,0.760261,-3.07405,0.621465,3.26593,-0.381726
242,-1.41932,0.758033,-3.09713,0.627232,3.30145,-0.385265
243,-1.43678,0.755802,-3.12018,0.633,3.33697,-0.388802
244,-1.45428,0.753566,-3.1432,0.638771,3.37247,-0.392337
245,-1.4718,0.751328,-3.16617,0.644544,3.40797,-0.395872
246,-1.48935,0.749086,-3.18911,0.650319,3.44346,-0.399405
247,-1.50694,0.746842,-3.21201,0.656095,3.47895,-0.402937
248,-1.52456,0.744595,-3.23488,0.661873,3.51443,-0.406468
249,-1.5422,0.742345,-3.25771,0.667652,3.54991,-0.409997
250,-1.55988,0.740093,-3.2805,0.673432,3.58538,-0.413526
251,-1.57759,0.737839,-3.30326,0.679214,3.62085,-0.417053
252,-1.59532,0.735583,-3.32598,0.684996,3.6563,-0.420579
253,-1.61309,0.733326,-3.34867,0.690779,3.69176,-0.424104
254,-1.63089,0.731067,-3.37132,0.696562,3.72721,-0.427628
255,-1.64871,0.728806,-3.39394,0.702346,3.76265,-0.431152
256,-1.66657,0.726544,-3.41652,0.708129,3.79809,-0.434674
257,-1.68445,0.724282,-3.43907,0.713913,3.83352,-0.438195
258,-1.70237,0.722018,-3.46158,0.719697,3.86895,-0.441715
259,-1.72031,0.719754,-3.48406,0.725481,3.90438,-0.445234
260,-1.73829,0.717489,-3.50651,0.731264,3.93979,-0.448753
261,-1.75629,0.715224,-3.52892,0.737046,3.97521,-0.45227
262,-1.77432,0.712959,-3.5513,0.742828,4.01062,-0.455787
263,-1.79238,0.710693,-3.57364,0.74861,4.04602,-0.459303
264,-1.81047,0.708428,-3.59596,0.75439,4.08143,-0.462818
265,-1.82859,0.706163,-3.61823,0.760169,4.11682,-0.466332
266,-1.84673,0.703899,-3.64048,0.765947,4.15221,-0.469846
267,-1.86491,0.701635,-3.66269,0.771724,4.1876,-0.473358
268,-1.88311,0.699372,-3.68487,0.777499,4.22299,-0.47687
269,-1.90134,0.697109,-3.70702,0.783272,4.25837,-0.480382
270,-1.9196,0.694848,-3.72914,0.789044,4.29374,-0.483892
271,-1.93789,0.692587,-3.75123,0.794814,4.32911,-0.487402
272,-1.9562,0.690328,-3.77328,0.800583,4.36448,-0.490911
273,-1.97455,0.688071,-3.7953,0.806349,4.39985,-0.494419
274,-1.99292,0.685815,-3.81729,0.812113,4.43521,-0.497927
275,-2.01132,0.68356,-3.83925,0.817874,4.47056,-0.501434
276,-2.02974,0.681307,-3.86118,0.823634,4.50592,-0.504941
277,-2.04819,0.679056,-3.88307,0.82939,4.54127,-0.508447
278,-2.06667,0.676808,-3.90494,0.835144,4.57661,-0.511952
279,-2.08518,0.674561,-3.92677,0.840896,4.61195,-0.515457
280,-2.10371,0.672316,-3.94858,0.846644,4.64729,-0.518961
281,-2.12227,0.670074,-3.97035,0.85239,4.68263,-0.522464
282,-2.14086,0.667835,-3.9921,0.858132,4.71796,-0.525967
283,-2.15948,0.665598,-4.01381,0.863872,4.75329,-0.529469
284,-2.17812,0.663363,-4.0355,0.869608,4.78862,-0.532971
285,-2.19678,0.661132,-4.05715,0.875341,4.82394,-0.536473
286,-2.21548,0.658903,-4.07878,0.88107,4.85926,-0.539973
287,-2.2342,0.656678,-4.10037,0.886796,4.89457,-0.543474
288,-2.25294,0.654455,-4.12194,0.892518,4.92989,-0.546973
289,-2.27172,0.652236,-4.14348,0.898236,4.9652,-0.550473
290,-2.29052,0.650021,-4.16499,0.903951,5.0005,-0.553971
291,-2.30934,0.647808,-4.18647,0.909661,5.03581,-0.55747
292,-2.32819,0.6456,-4.20792,0.915368,5.07111,-0.560967
293,-2.34706,0.643394,-4.22934,0.92107,5.10641,-0.564465
294,-2.36597,0.641193,-4.25074,0.926769,5.1417,-0.567962
295,-2.38489,0.638996,-4.2721,0.932462,5.17699,-0.571458
296,-2.40384,0.636802,-4.29344,0.938152,5.21228,-0.574954
297,-2.42282,0.634612,-4.31475,0.943837,5.24757,-0.57845
298,-2.44183,0.632427,-4.33603,0.949518,5.28286,-0.581945
299,-2.46085,0.630246,-4.35728,0.955194,5.31814,-0.585439
300,-2.47991,0.628069,-4.37851,0.960865,5.35342,-0.588934
301,-2.49898,0.625897,-4.39971,0.966531,5.38869,-0.592428
302,-2.51809,0.623729,-4.42088,0.972192,5.42397,-0.595921
303,-2.53721,0.621565,-4.44203,0.977849,5.45924,-0.599414
304,-2.55637,0.619406,-4.46314,0.9835,5.49451,-0.602907
305,-2.57554,0.617253,-4.48423,0.989147,5.52977,-0.606399
306,-2.59474,0.615103,-4.5053,0.994788,5.56504,-0.609891
307,-2.61397,0.612959,-4.52633,1.00042,5.6003,-0.613383
308,-2.63322,0.61082,-4.54734,1.00605,5.63556,-0.616874
309,-2.65249,0.608686,-4.56832,1.01168,5.67082,-0.620365
310,-2.67179,0.606557,-4.58928,1.0173,5.70607,-0.623855
311,-2.69111,0.604433,-4.61021,1.02291,5.74132,-0.627346
312,-2.71046,0.602315,-4.63111,1.02852,5.77657,-0.630835
313,-2.72983,0.600202,-4.65199,1.03412,5.81182,-0.634325
314,-2.74922,0.598094,-4.67284,1.03972,5.84707,-0.637814
315,-2.76864,0.595992,-4.69367,1.04531,5.88231,-0.641303
316,-2.78808,0.593896,-4.71447,1.0509,5.91755,-0.644791
317,-2.80755,0.591805,-4.73525,1.05647,5.95279,-0.648279
318,-2.82703,0.58972,-4.75599,1.06205,5.98803,-0.651767
319,-2.84655,0.587641,-4.77672,1.06761,6.02326,-0.655255
320,-2.86608,0.585568,-4.79742,1.07317,6.0585,-0.658742
321,-2.88564,0.583501,-4.81809,1.07873,6.09373,-0.662229
322,-2.90522,0.58144,-4.83874,1.08428,6.12896,-0.665716
323,-2.92482,0.579385,-4.85936,1.08982,6.16418,-0.669202
324,-2.94445,0.577337,-4.87996,1.09535,6.19941,-0.672688
325,-2.9641,0.575294,-4.90053,1.10088,6.23463,-0.676174
326,-2.98378,0.573258,-4.92108,1.1064,6.26985,-0.679659
327,-3.00347,0.571229,-4.9416,1.11192,6.30507,-0.683145
328,-3.02319,0.569206,-4.9621,1.11742,6.34029,-0.68663
329,-3.04293,0.567189,-4.98257,1.12293,6.3755,-0.690114
330,-3.06269,0.565179,-5.00302,1.12842,6.41072,-0.693599
331,-3.08248,0.563176,-5.02345,1.13391,6.44593,-0.697083
332,-3.10229,0.56118,-5.04385,1.13939,6.48114,-0.700567
333,-3.12212,0.55919,-5.06423,1.14486,6.51635,-0.704051
334,-3.14197,0.557207,-5.08458,1.15033,6.55155,-0.707534
335,-3.16185,0.555231,-5.10491,1.15579,6.58676,-0.711017
336,-3.18174,0.553262,-5.12522,1.16124,6.62196,-0.7145
337,-3.20166,0.551301,-5.1455,1.16668,6.65716,-0.717983
338,-3.2216,0.549346,-5.16576,1.17212,6.69236,-0.721465
339,-3.24157,0.547398,-5.18599,1.17755,6.72756,-0.724947
340,-3.26155,0.545458,-5.20621,1.18297,6.76276,-0.728429
341,-3.28156,0.543525,-5.22639,1.18839,6.79795,-0.731911
342,-3.30158,0.5416,-5.24656,1.19379,6.83314,-0.735392
343,-3.32163,0.539682,-5.2667,1.19919,6.86834,-0.738874
344,-3.34171,0.537771,-5.28682,1.20458,6.90352,-0.742355
345,-3.3618,0.535868,-5.30692,1.20997,6.93871,-0.745836
346,-3.38191,0.533973,-5.32699,1.21534,6.9739,-0.749316
347,-3.40205,0.532085,-5.34704,1.22071,7.00908,-0.752797
348,-3.4222,0.530205,-5.36706,1.22607,7.04427,-0.756277
349,-3.44238,0.528333,-5.38707,1.23142,7.07945,-0.759757
350,-3.46258,0.526468,-5.40705,1.23677,7.11463,-0.763236
351,-3.4828,0.524612,-5.42701,1.2421,7.14981,-0.766716
352,-3.50304,0.522763,-5.44695,1.24743,7.18499,-0.770195
353,-3.5233,0.520923,-5.46686,1.25275,7.22016,-0.773675
354,-3.54358,0.51909,-5.48675,1.25806,7.25534,-0.777153
355,-3.56389,0.517266,-5.50662,1.26337,7.29051,-0.780632
356,-3.58421,0.51545,-5.52647,1.26866,7.32568,-0.784111
357,-3.60456,0.513642,-5.5463,1.27395,7.36085,-0.787589
358,-3.62492,0.511842,-5.5661,1.27923,7.39602,-0.791067
359,-3.64531,0.510051,-5.58588,1.28449,7.43119,-0.794545
360,-3.66571,0.508268,-5.60564,1.28976,7.46636,-0.798023
361,-3.68614,0.506493,-5.62538,1.29501,7.50152,-0.801501
362,-3.70659,0.504727,-5.6451,1.30025,7.53668,-0.804978
363,-3.72705,0.50297,-5.66479,1.30549,7.57185,-0.808456
364,-3.74754,0.501221,-5.68446,1.31071,7.60701,-0.811933
365,-3.76805,0.499481,-5.70412,1.31593,7.64217,-0.81541
366,-3.78858,0.49775,-5.72375,1.32114,7.67732,-0.818886
367,-3.80913,0.496027,-5.74336,1.32634,7.71248,-0.822363
368,-3.82969,0.494313,-5.76294,1.33153,7.74764,-0.825839
369,-3.85028,0.492608,-5.78251,1.33671,7.78279,-0.829316
370,-3.87089,0.490912,-5.80206,1.34188,7.81794,-0.832792
371,-3.89152,0.489225,-5.82158,1.34704,7.8531,-0.836268
372,-3.91216,0.487547,-5.84108,1.3522,7.88825,-0.839743
373,-3.93283,0.485878,-5.86057,1.35734,7.9234,-0.843219
374,-3.95352,0.484219,-5.88003,1.36248,7.95855,-0.846694
375,-3.97422,0.482568,-5.89947,1.3676,7.99369,-0.85017
376,-3.99495,0.480926,-5.91889,1.37272,8.02884,-0.853645
377,-4.0157,0.479294,-5.93829,1.37783,8.06398,-0.85712
378,-4.03646,0.477671,-5.95767,1.38292,8.09913,-0.860595
379,-4.05724,0.476058,-5.97702,1.38801,8.13427,-0.864069
380,-4.07805,0.474454,-5.99636,1.39309,8.16941,-0.867544
381,-4.09887,0.472859,-6.01568,1.39816,8.20455,-0.871018
382,-4.11971,0.471274,-6.03498,1.40322,8.23969,-0.874492
383,-4.14057,0.469699,-6.05425,1.40827,8.27483,-0.877966
384,-4.16145,0.468133,-6.07351,1.41331,8.30996,-0.88144
385,-4.18235,0.466577,-6.09275,1.41834,8.3451,-0.884914
386,-4.20327,0.465031,-6.11196,1.42336,8.38023,-0.888388
387,-4.22421,0.463494,-6.13116,1.42837,8.41537,-0.891861
388,-4.24517,0.461967,-6.15033,1.43337,8.4505,-0.895335
389,-4.26614,0.46045,-6.16949,1.43836,8.48563,-0.898808
390,-4.28714,0.458943,-6.18863,1.44334,8.52076,-0.902281
391,-4.30815,0.457446,-6.20774,1.44831,8.55589,-0.905754
392,-4.32918,0.455959,-6.22684,1.45327,8.59102,-0.909227
393,-4.35023,0.454482,-6.24592,1.45822,8.62615,-0.912699
394,-4.3713,0.453015,-6.26497,1.46316,8.66127,-0.916172
395,-4.39239,0.451558,-6.28401,1.46809,8.6964,-0.919644
396,-4.41349,0.450112,-6.30303,1.473,8.73152,-0.923117
397,-4.43462,0.448675,-6.32203,1.47791,8.76665,-0.926589
398,-4.45576,0.447249,-6.34101,1.48281,8.80177,-0.930061
399,-4.47692,0.445834,-6.35997,1.4877,8.83689,-0.933533
400,-4.4981,0.444428,-6.37891,1.49258,8.87201,-0.937005
401,-4.5193,0.443034,-6.39783,1.49744,8.90713,-0.940476
402,-4.54051,0.441649,-6.41673,1.5023,8.94225,-0.943948
403,-4.56175,0.440276,-6.43562,1.50714,8.97736,-0.947419
404,-4.583,0.438912,-6.45448,1.51198,9.01248,-0.950891
405,-4.60427,0.43756,-6.47332,1.5168,9.0476,-0.954362
406,-4.62556,0.436218,-6.49215,1.52161,9.08271,-0.957833
407,-4.64687,0.434887,-6.51096,1.52642,9.11783,-0.961304
408,-4.66819,0.433566,-6.52975,1.53121,9.15294,-0.964775
409,-4.68953,0.432257,-6.54852,1.53599,9.18805,-0.968245
410,-4.71089,0.430958,-6.56727,1.54076,9.22316,-0.971716
411,-4.73227,0.42967,-6.586,1.54552,9.25827,-0.975186
412,-4.75367,0.428394,-6.60471,1.55026,9.29338,-0.978657
413,-4.77508,0.427128,-6.62341,1.555,9.32849,-0.982127
414,-4.79651,0.425873,-6.64208,1.55972,9.3636,-0.985597
415,-4.81796,0.424629,-6.66074,1.56444,9.3987,-0.989067
416,-4.83943,0.423397,-6.67938,1.56914,9.43381,-0.992537
417,-4.86092,0.422176,-6.698,1.57383,9.46891,-0.996007
418,-4.88242,0.420966,-6.7166,1.57851,9.50402,-0.999477
419,-4.90394,0.419767,-6.73518,1.58318,9.53912,-1.00295
420,-4.92547,0.41858,-6.75375,1.58784,9.57422,-1.00642
421,-4.94703,0.417404,-6.7723,1.59248,9.60932,-1.00989
422,-4.9686,0.416239,-6.79082,1.59712,9.64442,-1.01335
423,-4.99019,0.415086,-6.80934,1.60174,9.67952,-1.01682
424,-5.01179,0.413945,-6.82783,1.60635,9.71462,-1.02029
425,-5.03342,0.412815,-6.8463,1.61095,9.74972,-1.02376
426,-5.05506,0.411696,-6.86476,1.61553,9.78482,-1.02723
427,-5.07672,0.41059,-6.8832,1.62011,9.81992,-1.0307
428,-5.09839,0.409495,-6.90162,1.62467,9.85501,-1.03417
429,-5.12008,0.408412,-6.92002,1.62923,9.89011,-1.03764
430,-5.14179,0.407341,-6.93841,1.63377,9.9252,-1.04111
431,-5.16352,0.406281,-6.95677,1.63829,9.96029,-1.04457
432,-5.18526,0.405234,-6.97512,1.64281,9.99539,-1.04804
433,-5.20702,0.404198,-6.99345,1.64731,10.0305,-1.05151
434,-5.2288,0.403175,-7.01177,1.6518,10.0656,-1.05498
435,-5.2506,0.402163,-7.03007,1.65628,10.1007,-1.05845
436,-5.27241,0.401164,-7.04834,1.66075,10.1358,-1.06192
437,-5.29423,0.400177,-7.06661,1.66521,10.1708,-1.06538
438,-5.31608,0.399202,-7.08485,1.66965,10.2059,-1.06885
439,-5.33794,0.398239,-7.10308,1.67408,10.241,-1.07232
440,-5.35982,0.397289,-7.12128,1.6785,10.2761,-1.07579
441,-5.38171,0.396351,-7.13948,1.6829,10.3112,-1.07925
442,-5.40362,0.395425,-7.15765,1.6873,10.3463,-1.08272
443,-5.42555,0.394512,-7.17581,1.69168,10.3814,-1.08619
444,-5.44749,0.393612,-7.19395,1.69604,10.4164,-1.08966
445,-5.46945,0.392723,-7.21207,1.7004,10.4515,-1.09312
446,-5.49143,0.391848,-7.23018,1.70474,10.4866,-1.09659
447,-5.51343,0.390985,-7.24826,1.70907,10.5217,-1.10006
448,-5.53544,0.390135,-7.26634,1.71339,10.5568,-1.10352
449,-5.55746,0.389298,-7.28439,1.71769,10.5919,-1.10699
450,-5.5795,0.388473,-7.30243,1.72198,10.6269,-1.11046
451,-5.60156,0.387662,-7.32045,1.72626,10.662,-1.11392
452,-5.62364,0.386863,-7.33845,1.73053,10.6971,-1.11739
453,-5.64573,0.386077,-7.35644,1.73478,10.7322,-1.12086
454,-5.66784,0.385304,-7.37441,1.73902,10.7672,-1.12432
455,-5.68996,0.384545,-7.39236,1.74325,10.8023,-1.12779
456,-5.7121,0.383798,-7.41029,1.74746,10.8374,-1.13126
457,-5.73426,0.383065,-7.42821,1.75166,10.8725,-1.13472
458,-5.75643,0.382344,-7.44612,1.75584,10.9075,-1.13819
459,-5.77862,0.381637,-7.464,1.76002,10.9426,-1.14165
460,-5.80082,0.380944,-7.48187,1.76418,10.9777,-1.14512
461,-5.82304,0.380264,-7.49972,1.76832,11.0128,-1.14859
462,-5.84528,0.379597,-7.51756,1.77246,11.0478,-1.15205
463,-5.86753,0.378943,-7.53538,1.77657,11.0829,-1.15552
464,-5.88979,0.378304,-7.55318,1.78068,11.118,-1.15898
465,-5.91208,0.377677,-7.57097,1.78477,11.153,-1.16245
466,-5.93438,0.377065,-7.58874,1.78885,11.1881,-1.16591
467,-5.95669,0.376466,-7.6065,1.79291,11.2232,-1.16938
468,-5.97902,0.375881,-7.62423,1.79696,11.2583,-1.17285
469,-6.00137,0.375309,-7.64195,1.801,11.2933,-1.17631
470,-6.02373,0.374752,-7.65966,1.80502,11.3284,-1.17978
471,-6.04611,0.374208,-7.67735,1.80903,11.3635,-1.18324
472,-6.0685,0.373679,-7.69502,1.81303,11.3985,-1.18671
473,-6.09091,0.373163,-7.71268,1.81701,11.4336,-1.19017
474,-6.11333,0.372662,-7.73032,1.82097,11.4687,-1.19364
475,-6.13577,0.372174,-7.74794,1.82493,11.5037,-1.1971
476,-6.15823,0.371701,-7.76555,1.82886,11.5388,-1.20057
477,-6.1807,0.371242,-7.78314,1.83279,11.5738,-1.20403
478,-6.20318,0.370798,-7.80072,1.8367,11.6089,-1.2075
479,-6.22569,0.370367,-7.81828,1.84059,11.644,-1.21096
480,-6.2482,0.369951,-7.83583,1.84447,11.679,-1.21442
481,-6.27073,0.36955,-7.85336,1.84834,11.7141,-1.21789
482,-6.29328,0.369163,-7.87087,1.85219,11.7491,-1.22135
483,-6.31584,0.368791,-7.88837,1.85603,11.7842,-1.22482
484,-6.33842,0.368433,-7.90585,1.85985,11.8193,-1.22828
485,-6.36101,0.36809,-7.92331,1.86366,11.8543,-1.23175
486,-6.38362,0.367762,-7.94076,1.86745,11.8894,-1.23521
487,-6.40624,0.367449,-7.9582,1.87123,11.9244,-1.23867
488,-6.42888,0.36715,-7.97562,1.87499,11.9595,-1.24214
489,-6.45154,0.366866,-7.99302,1.87874,11.9946,-1.2456
490,-6.4742,0.366598,-8.01041,1.88247,12.0296,-1.24907
491,-6.49689,0.366344,-8.02778,1.88619,12.0647,-1.25253
492,-6.51958,0.366106,-8.04514,1.88989,12.0997,-1.25599
493,-6.5423,0.365883,-8.06248,1.89357,12.1348,-1.25946
494,-6.56503,0.365675,-8.0798,1.89725,12.1698,-1.26292
495,-6.58777,0.365482,-8.09711,1.9009,12.2049,-1.26638
496,-6.61053,0.365305,-8.11441,1.90454,12.2399,-1.26985
497,-6.6333,0.365143,-8.13169,1.90817,12.275,-1.27331
498,-6.65609,0.364996,-8.14895,1.91178,12.31,-1.27677
499,-6.67889,0.364865,-8.1662,1.91537,12.3451,-1.28024
500,-6.7017,0.36475,-8.18343,1.91895,12.3801,-1.2837
501,-6.72454,0.36465,-8.20065,1.92251,12.4152,-1.28716
502,-6.74738,0.364566,-8.21786,1.92606,12.4502,-1.29063
503,-6.77024,0.364498,-8.23505,1.92959,12.4853,-1.29409
504,-6.79312,0.364446,-8.25222,1.93311,12.5203,-1.29755
505,-6.81601,0.36441,-8.26938,1.93661,12.5554,-1.30102
506,-6.83891,0.36439,-8.28652,1.94009,12.5904,-1.30448
507,-6.86183,0.364385,-8.30365,1.94356,12.6255,-1.30794
508,-6.88476,0.364397,-8.32076,1.94701,12.6605,-1.31141
509,-6.90771,0.364425,-8.33786,1.95044,12.6956,-1.31487
510,-6.93067,0.36447,-8.35494,1.95386,12.7306,-1.31833
511,-6.95365,0.36453,-8.37201,1.95726,12.7657,-1.32179
512,-6.97664,0.364607,-8.38907,1.96065,12.8007,-1.32526
513,-6.99965,0.364701,-8.4061,1.96402,12.8358,-1.32872
514,-7.02267,0.364811,-8.42313,1.96737,12.8708,-1.33218
515,-7.0457,0.364938,-8.44014,1.97071,12.9058,-1.33564
516,-7.06875,0.365081,-8.45713,1.97402,12.9409,-1.33911
517,-7.09181,0.365241,-8.47411,1.97733,12.9759,-1.34257
518,-7.11489,0.365418,-8.49108,1.98061,13.011,-1.34603
519,-7.13798,0.365612,-8.50803,1.98388,13.046,-1.34949
520,-7.16109,0.365823,-8.52497,1.98713,13.0811,-1.35295
521,-7.1842,0.36605,-8.54189,1.99037,13.1161,-1.35642
522,-7.20734,0.366295,-8.55879,1.99358,13.1511,-1.35988
523,-7.23048,0.366557,-8.57569,1.99678,13.1862,-1.36334
524,-7.25365,0.366837,-8.59256,1.99997,13.2212,-1.3668
525,-7.27682,0.367133,-8.60943,2.00313,13.2562,-1.37026
526,-7.30001,0.367447,-8.62628,2.00628,13.2913,-1.37373
527,-7.32321,0.367779,-8.64311,2.00941,13.3263,-1.37719
528,-7.34643,0.368128,-8.65993,2.01252,13.3614,-1.38065
529,-7.36966,0.368494,-8.67674,2.01562,13.3964,-1.38411
530,-7.39291,0.368879,-8.69353,2.01869,13.4314,-1.38757
531,-7.41616,0.369281,-8.71031,2.02175,13.4665,-1.39103
532,-7.43944,0.369701,-8.72707,2.0248,13.5015,-1.3945
533,-7.46272,0.370139,-8.74382,2.02782,13.5365,-1.39796
534,-7.48602,0.370595,-8.76056,2.03082,13.5716,-1.40142
535,-7.50933,0.371069,-8.77728,2.03381,13.6066,-1.40488
536,-7.53266,0.371561,-8.79399,2.03678,13.6416,-1.40834
537,-7.556,0.372071,-8.81068,2.03973,13.6767,-1.4118
538,-7.57936,0.3726,-8.82736,2.04266,13.7117,-1.41526
539,-7.60272,0.373147,-8.84403,2.04558,13.7467,-1.41873
540,-7.6261,0.373713,-8.86068,2.04847,13.7818,-1.42219
541,-7.6495,0.374297,-8.87731,2.05135,13.8168,-1.42565
542,-7.67291,0.3749,-8.89394,2.05421,13.8518,-1.42911
543,-7.69633,0.375522,-8.91055,2.05705,13.8869,-1.43257
544,-7.71976,0.376162,-8.92714,2.05987,13.9219,-1.43603
545,-7.74321,0.376821,-8.94373,2.06267,13.9569,-1.43949
546,-7.76667,0.3775,-8.96029,2.06545,13.992,-1.44295
547,-7.79015,0.378197,-8.97685,2.06822,14.027,-1.44641
548,-7.81364,0.378914,-8.99339,2.07096,14.062,-1.44987
549,-7.83714,0.37965,-9.00992,2.07369,14.0971,-1.45334
550,-7.86065,0.380405,-9.02643,2.07639,14.1321,-1.4568
551,-7.88418,0.38118,-9.04293,2.07908,14.1671,-1.46026
552,-7.90772,0.381974,-9.05942,2.08174,14.2021,-1.46372
553,-7.93128,0.382788,-9.07589,2.08439,14.2372,-1.46718
554,-7.95484,0.383621,-9.09235,2.08702,14.2722,-1.47064
555,-7.97842,0.384475,-9.1088,2.08962,14.3072,-1.4741
556,-8.00202,0.385348,-9.12523,2.09221,14.3422,-1.47756
557,-8.02562,0.386241,-9.14165,2.09478,14.3773,-1.48102
558,-8.04924,0.387154,-9.15806,2.09733,14.4123,-1.48448
559,-8.07287,0.388088,-9.17445,2.09985,14.4473,-1.48794
560,-8.09652,0.389042,-9.19083,2.10236,14.4824,-1.4914
561,-8.12018,0.390016,-9.2072,2.10485,14.5174,-1.49486
562,-8.14385,0.39101,-9.22355,2.10731,14.5524,-1.49832
563,-8.16753,0.392026,-9.23989,2.10976,14.5874,-1.50178
564,-8.19123,0.393061,-9.25622,2.11218,14.6224,-1.50524
565,-8.21494,0.394118,-9.27253,2.11458,14.6575,-1.5087
566,-8.23866,0.395196,-9.28884,2.11697,14.6925,-1.51216
567,-8.26239,0.396294,-9.30512,2.11933,14.7275,-1.51562
568,-8.28614,0.397414,-9.3214,2.12167,14.7625,-1.51908
569,-8.3099,0.398554,-9.33766,2.12399,14.7976,-1.52254
570,-8.33367,0.399716,-9.35391,2.12628,14.8326,-1.526
571,-8.35745,0.4009,-9.37015,2.12856,14.8676,-1.52946
572,-8.38125,0.402105,-9.38637,2.13082,14.9026,-1.53292
573,-8.40506,0.403331,-9.40258,2.13305,14.9376,-1.53638
574,-8.42888,0.40458,-9.41878,2.13526,14.9727,-1.53984
575,-8.45271,0.40585,-9.43497,2.13745,15.0077,-1.5433
576,-8.47656,0.407142,-9.45114,2.13962,15.0427,-1.54676
577,-8.50042,0.408456,-9.4673,2.14176,15.0777,-1.55022
578,-8.52429,0.409792,-9.48345,2.14389,15.1127,-1.55368
579,-8.54817,0.41115,-9.49959,2.14599,15.1478,-1.55714
580,-8.57206,0.412531,-9.51571,2.14807,15.1828,-1.5606
581,-8.59597,0.413934,-9.53182,2.15012,15.2178,-1.56406
582,-8.61989,0.41536,-9.54792,2.15216,15.2528,-1.56752
583,-8.64382,0.416809,-9.56401,2.15417,15.2878,-1.57098
584,-8.66776,0.418281,-9.58008,2.15615,15.3228,-1.57443
585,-8.69171,0.419775,-9.59614,2.15812,15.3579,-1.57789
586,-8.71568,0.421293,-9.61219,2.16006,15.3929,-1.58135
587,-8.73966,0.422833,-9.62823,2.16198,15.4279,-1.58481
588,-8.76365,0.424398,-9.64426,2.16387,15.4629,-1.58827
589,-8.78765,0.425985,-9.66027,2.16575,15.4979,-1.59173
590,-8.81166,0.427596,-9.67627,2.16759,15.5329,-1.59519
591,-8.83569,0.429231,-9.69226,2.16942,15.5679,-1.59865
592,-8.85972,0.43089,-9.70824,2.17122,15.603,-1.60211
593,-8.88377,0.432573,-9.7242,2.17299,15.638,-1.60557
594,-8.90783,0.434279,-9.74016,2.17475,15.673,-1.60903
595,-8.9319,0.43601,-9.7561,2.17647,15.708,-1.61248
596,-8.95598,0.437766,-9.77203,2.17818,15.743,-1.61594
597,-8.98008,0.439546,-9.78795,2.17986,15.778,-1.6194
598,-9.00418,0.44135,-9.80386,2.18151,15.813,-1.62286
599,-9.0283,0.443179,-9.81975,2.18314,15.8481,-1.62632
600,-9.05243,0.445033,-9.83564,2.18475,15.8831,-1.62978
601,-9.07656,0.446913,-9.85151,2.18632,15.9181,-1.63324
602,-9.10071,0.448817,-9.86737,2.18788,15.9531,-1.6367
603,-9.12487,0.450747,-9.88322,2.18941,15.9881,-1.64015
604,-9.14904,0.452702,-9.89906,2.19091,16.0231,-1.64361
605,-9.17323,0.454682,-9.91489,2.19239,16.0581,-1.64707
606,-9.19742,0.456689,-9.93071,2.19384,16.0931,-1.65053
607,-9.22162,0.458721,-9.94651,2.19527,16.1281,-1.65399
608,-9.24584,0.46078,-9.96231,2.19667,16.1631,-1.65745
609,-9.27006,0.462864,-9.97809,2.19804,16.1982,-1.66091
610,-9.2943,0.464975,-9.99386,2.19939,16.2332,-1.66436
611,-9.31855,0.467113,-10.0096,2.20071,16.2682,-1.66782
612,-9.3428,0.469277,-10.0254,2.202,16.3032,-1.67128
613,-9.36707,0.471468,-10.0411,2.20327,16.3382,-1.67474
614,-9.39135,0.473686,-10.0568,2.20451,16.3732,-1.6782
615,-9.41563,0.475931,-10.0726,2.20572,16.4082,-1.68166
616,-9.43993,0.478203,-10.0883,2.20691,16.4432,-1.68511
617,-9.46424,0.480503,-10.104,2.20807,16.4782,-1.68857
618,-9.48856,0.48283,-10.1197,2.2092,16.5132,-1.69203
619,-9.51289,0.485186,-10.1353,2.2103,16.5482,-1.69549
620,-9.53723,0.487569,-10.151,2.21138,16.5832,-1.69895
621,-9.56157,0.48998,-10.1667,2.21242,16.6182,-1.7024
622,-9.58593,0.49242,-10.1823,2.21344,16.6532,-1.70586
623,-9.6103,0.494888,-10.1979,2.21443,16.6882,-1.70932
624,-9.63468,0.497384,-10.2136,2.21539,16.7232,-1.71278
625,-9.65906,0.49991,-10.2292,2.21633,16.7583,-1.71624
626,-9.68346,0.502464,-10.2448,2.21723,16.7933,-1.71969
627,-9.70787,0.505048,-10.2604,2.2181,16.8283,-1.72315
628,-9.73228,0.507661,-10.276,2.21895,16.8633,-1.72661
629,-9.75671,0.510304,-10.2916,2.21976,16.8983,-1.73007
630,-9.78114,0.512976,-10.3071,2.22055,16.9333,-1.73352
631,-9.80558,0.515678,-10.3227,2.2213,16.9683,-1.73698
632,-9.83003,0.518411,-10.3382,2.22203,17.0033,-1.74044
633,-9.85449,0.521173,-10.3538,2.22272,17.0383,-1.7439
634,-9.87896,0.523967,-10.3693,2.22339,17.0733,-1.74735
635,-9.90344,0.52679,-10.3848,2.22402,17.1083,-1.75081
636,-9.92793,0.529645,-10.4004,2.22462,17.1433,-1.75427
637,-9.95242,0.532531,-10.4159,2.2252,17.1783,-1.75773
638,-9.97693,0.535448,-10.4314,2.22574,17.2133,-1.76119
639,-10.0014,0.538397,-10.4468,2.22625,17.2483,-1.76464
640,-10.026,0.541377,-10.4623,2.22672,17.2833,-1.7681
641,-10.0505,0.54439,-10.4778,2.22717,17.3183,-1.77156
642,-10.075,0.547434,-10.4933,2.22758,17.3533,-1.77501
643,-10.0996,0.550511,-10.5087,2.22796,17.3883,-1.77847
644,-10.1241,0.553621,-10.5242,2.22831,17.4233,-1.78193
645,-10.1487,0.556763,-10.5396,2.22862,17.4583,-1.78539
646,-10.1732,0.559938,-10.555,2.22891,17.4933,-1.78884
647,-10.1978,0.563147,-10.5705,2.22915,17.5283,-1.7923
648,-10.2224,0.566389,-10.5859,2.22937,17.5633,-1.79576
649,-10.247,0.569664,-10.6013,2.22955,17.5983,-1.79922
650,-10.2716,0.572974,-10.6167,2.2297,17.6333,-1.80267
651,-10.2962,0.576318,-10.6321,2.22981,17.6683,-1.80613
652,-10.3208,0.579696,-10.6475,2.22989,17.7033,-1.80959
653,-10.3454,0.583109,-10.6628,2.22994,17.7383,-1.81304
654,-10.37,0.586556,-10.6782,2.22994,17.7733,-1.8165
655,-10.3947,0.590039,-10.6936,2.22992,17.8083,-1.81996
656,-10.4193,0.593558,-10.7089,2.22986,17.8433,-1.82342
657,-10.444,0.597112,-10.7243,2.22976,17.8782,-1.82687
658,-10.4686,0.600701,-10.7396,2.22963,17.9132,-1.83033
659,-10.4933,0.604327,-10.755,2.22946,17.9482,-1.83379
660,-10.5179,0.60799,-10.7703,2.22925,17.9832,-1.83724
661,-10.5426,0.611689,-10.7856,2.22901,18.0182,-1.8407
662,-10.5673,0.615425,-10.801,2.22873,18.0532,-1.84416
663,-10.5919,0.619198,-10.8163,2.22841,18.0882,-1.84761
664,-10.6166,0.623009,-10.8316,2.22806,18.1232,-1.85107
665,-10.6413,0.626858,-10.8469,2.22767,18.1582,-1.85453
666,-10.666,0.630745,-10.8622,2.22724,18.1932,-1.85798
667,-10.6907,0.63467,-10.8775,2.22677,18.2282,-1.86144
668,-10.7154,0.638633,-10.8928,2.22626,18.2632,-1.8649
669,-10.7401,0.642636,-10.9081,2.22572,18.2982,-1.86835
670,-10.7648,0.646678,-10.9234,2.22513,18.3332,-1.87181
671,-10.7895,0.650759,-10.9386,2.22451,18.3682,-1.87527
672,-10.8142,0.65488,-10.9539,2.22384,18.4032,-1.87872
673,-10.839,0.659042,-10.9692,2.22314,18.4382,-1.88218
674,-10.8637,0.663243,-10.9845,2.22239,18.4731,-1.88564
675,-10.8884,0.667486,-10.9997,2.22161,18.5081,-1.88909
676,-10.9131,0.67177,-11.015,2.22078,18.5431,-1.89255
677,-10.9379,0.676095,-11.0303,2.21991,18.5781,-1.89601
678,-10.9626,0.680461,-11.0455,2.219,18.6131,-1.89946
679,-10.9873,0.68487,-11.0608,2.21805,18.6481,-1.90292
680,-11.0121,0.689321,-11.076,2.21705,18.6831,-1.90637
681,-11.0368,0.693815,-11.0913,2.21602,18.7181,-1.90983
682,-11.0616,0.698352,-11.1065,2.21494,18.7531,-1.91329
683,-11.0863,0.702932,-11.1218,2.21381,18.7881,-1.91674
684,-11.111,0.707557,-11.137,2.21264,18.8231,-1.9202
685,-11.1358,0.712225,-11.1523,2.21143,18.858,-1.92366
686,-11.1605,0.716937,-11.1675,2.21017,18.893,-1.92711
687,-11.1853,0.721695,-11.1827,2.20887,18.928,-1.93057
688,-11.21,0.726498,-11.198,2.20753,18.963,-1.93402
689,-11.2348,0.731346,-11.2132,2.20613,18.998,-1.93748
690,-11.2595,0.73624,-11.2285,2.2047,19.033,-1.94094
691,-11.2842,0.741181,-11.2437,2.20321,19.068,-1.94439
692,-11.309,0.746168,-11.259,2.20168,19.103,-1.94785
693,-11.3337,0.751203,-11.2742,2.2001,19.1379,-1.9513
694,-11.3585,0.756285,-11.2895,2.19848,19.1729,-1.95476
695,-11.3832,0.761415,-11.3047,2.1968,19.2079,-1.95822
696,-11.4079,0.766593,-11.32,2.19508,19.2429,-1.96167
697,-11.4327,0.77182,-11.3352,2.19331,19.2779,-1.96513
698,-11.4574,0.777096,-11.3505,2.19149,19.3129,-1.96858
699,-11.4821,0.782421,-11.3658,2.18962,19.3479,-1.97204
700,-11.5068,0.787797,-11.381,2.1877,19.3829,-1.9755
701,-11.5315,0.793223,-11.3963,2.18573,19.4178,-1.97895
702,-11.5562,0.7987,-11.4116,2.18371,19.4528,-1.98241
703,-11.5809,0.804228,-11.4269,2.18164,19.4878,-1.98586
704,-11.6056,0.809807,-11.4422,2.17951,19.5228,-1.98932
705,-11.6303,0.815439,-11.4575,2.17734,19.5578,-1.99278
706,-11.655,0.821124,-11.4728,2.17511,19.5928,-1.99623
707,-11.6797,0.826862,-11.4881,2.17283,19.6278,-1.99969
708,-11.7044,0.832653,-11.5034,2.17049,19.6627,-2.00314
709,-11.729,0.838498,-11.5187,2.1681,19.6977,-2.0066
710,-11.7537,0.844398,-11.534,2.16566,19.7327,-2.01005
711,-11.7783,0.850353,-11.5494,2.16316,19.7677,-2.01351
712,-11.8029,0.856363,-11.5647,2.1606,19.8027,-2.01696
713,-11.8276,0.862429,-11.5801,2.15799,19.8377,-2.02042
714,-11.8522,0.868552,-11.5955,2.15532,19.8726,-2.02388
715,-11.8768,0.874731,-11.6109,2.1526,19.9076,-2.02733
716,-11.9014,0.880968,-11.6263,2.14982,19.9426,-2.03079
717,-11.9259,0.887263,-11.6417,2.14698,19.9776,-2.03424
718,-11.9505,0.893617,-11.6571,2.14408,20.0126,-2.0377
719,-11.975,0.900029,-11.6725,2.14112,20.0476,-2.04115
720,-11.9996,0.906501,-11.688,2.13811,20.0825,-2.04461
721,-12.0241,0.913033,-11.7034,2.13503,20.1175,-2.04806
722,-12.0486,0.919626,-11.7189,2.13189,20.1525,-2.05152
723,-12.0731,0.92628,-11.7344,2.1287,20.1875,-2.05498
724,-12.0975,0.932995,-11.7499,2.12544,20.2225,-2.05843
725,-12.122,0.939773,-11.7655,2.12211,20.2574,-2.06189
726,-12.1464,0.946613,-11.781,2.11873,20.2924,-2.06534
727,-12.1708,0.953517,-11.7966,2.11528,20.3274,-2.0688
728,-12.1952,0.960485,-11.8122,2.11177,20.3624,-2.07225
729,-12.2196,0.967517,-11.8278,2.10819,20.3974,-2.07571
730,-12.2439,0.974614,-11.8434,2.10455,20.4324,-2.07916
731,-12.2683,0.981777,-11.8591,2.10084,20.4673,-2.08262
732,-12.2926,0.989006,-11.8748,2.09707,20.5023,-2.08607
733,-12.3168,0.996301,-11.8905,2.09323,20.5373,-2.08953
734,-12.3411,1.00366,-11.9062,2.08932,20.5723,-2.09298
735,-12.3653,1.01109,-11.922,2.08534,20.6073,-2.09644
736,-12.3895,1.01859,-11.9377,2.0813,20.6422,-2.09989
737,-12.4136,1.02616,-11.9536,2.07719,20.6772,-2.10335
738,-12.4378,1.0338,-11.9694,2.073,20.7122,-2.1068
739,-12.4619,1.04151,-11.9853,2.06875,20.7472,-2.11026
740,-12.4859,1.04929,-12.0012,2.06443,20.7821,-2.11371
741,-12.51,1.05714,-12.0172,2.06003,20.8171,-2.11717
742,-12.534,1.06506,-12.0331,2.05556,20.8521,-2.12062
743,-12.5579,1.07305,-12.0492,2.05103,20.8871,-2.12408
744,-12.5819,1.08112,-12.0652,2.04641,20.9221,-2.12753
745,-12.6057,1.08926,-12.0813,2.04173,20.957,-2.13099
746,-12.6296,1.09747,-12.0974,2.03697,20.992,-2.13444
747,-12.6534,1.10576,-12.1136,2.03213,21.027,-2.1379
748,-12.6771,1.11413,-12.1298,2.02722,21.062,-2.14135
749,-12.7008,1.12257,-12.1461,2.02224,21.0969,-2.14481
750,-12.7245,1.13109,-12.1624,2.01718,21.1319,-2.14826
751,-12.7481,1.13968,-12.1788,2.01204,21.1669,-2.15172
752,-12.7717,1.14835,-12.1952,2.00682,21.2019,-2.15517
753,-12.7952,1.1571,-12.2117,2.00153,21.2369,-2.15863
754,-12.8186,1.16592,-12.2282,1.99616,21.2718,-2.16208
755,-12.842,1.17483,-12.2448,1.99071,21.3068,-2.16554
756,-12.8654,1.18381,-12.2614,1.98518,21.3418,-2.16899
757,-12.8887,1.19287,-12.2781,1.97957,21.3768,-2.17244
758,-12.9119,1.20202,-12.2948,1.97388,21.4117,-2.1759
759,-12.9351,1.21124,-12.3117,1.96812,21.4467,-2.17935
760,-12.9581,1.22054,-12.3285,1.96227,21.4817,-2.18281
761,-12.9812,1.22992,-12.3455,1.95634,21.5167,-2.18626
762,-13.0041,1.23939,-12.3625,1.95033,21.5516,-2.18972
763,-13.027,1.24893,-12.3796,1.94424,21.5866,-2.19317
764,-13.0498,1.25856,-12.3968,1.93807,21.6216,-2.19663
765,-13.0725,1.26827,-12.414,1.93182,21.6566,-2.20008
766,-13.0952,1.27805,-12.4314,1.92548,21.6915,-2.20354
767,-13.1177,1.28792,-12.4488,1.91907,21.7265,-2.20699
768,-13.1402,1.29787,-12.4663,1.91257,21.7615,-2.21044
769,-13.1626,1.30791,-12.4839,1.90599,21.7965,-2.2139
770,-13.1849,1.31802,-12.5015,1.89933,21.8314,-2.21735
771,-13.2071,1.32821,-12.5193,1.8926,21.8664,-2.22081
772,-13.2292,1.33848,-12.5372,1.88578,21.9014,-2.22426
773,-13.2512,1.34884,-12.5551,1.87888,21.9363,-2.22772
774,-13.2731,1.35927,-12.5732,1.8719,21.9713,-2.23117
775,-13.2949,1.36978,-12.5914,1.86485,22.0063,-2.23463
776,-13.3166,1.38037,-12.6097,1.85771,22.0413,-2.23808
777,-13.3381,1.39103,-12.6281,1.8505,22.0762,-2.24153
778,-13.3596,1.40177,-12.6466,1.84321,22.1112,-2.24499
779,-13.3809,1.41259,-12.6653,1.83585,22.1462,-2.24844
780,-13.4021,1.42348,-12.684,1.82842,22.1811,-2.2519
781,-13.4232,1.43444,-12.7029,1.82091,22.2161,-2.25535
782,-13.4441,1.44547,-12.722,1.81333,22.2511,-2.25881
783,-13.4649,1.45658,-12.7411,1.80568,22.2861,-2.26226
784,-13.4856,1.46774,-12.7604,1.79797,22.321,-2.26571
785,-13.5061,1.47898,-12.7799,1.79019,22.356,-2.26917
786,-13.5265,1.49028,-12.7995,1.78235,22.391,-2.27262
787,-13.5467,1.50163,-12.8192,1.77444,22.4259,-2.27608
788,-13.5668,1.51305,-12.8391,1.76648,22.4609,-2.27953
789,-13.5867,1.52452,-12.8592,1.75846,22.4959,-2.28298
790,-13.6064,1.53604,-12.8794,1.75039,22.5309,-2.28644
791,-13.626,1.54762,-12.8998,1.74227,22.5658,-2.28989
792,-13.6454,1.55924,-12.9204,1.73411,22.6008,-2.29335
793,-13.6647,1.5709,-12.9411,1.7259,22.6358,-2.2968
794,-13.6837,1.5826,-12.962,1.71766,22.6707,-2.30025
795,-13.7026,1.59433,-12.9831,1.70938,22.7057,-2.30371
796,-13.7213,1.60609,-13.0044,1.70107,22.7407,-2.30716
797,-13.7398,1.61788,-13.0259,1.69273,22.7756,-2.31062
798,-13.7581,1.62969,-13.0475,1.68438,22.8106,-2.31407
799,-13.7762,1.64151,-13.0694,1.67601,22.8456,-2.31752
800,-13.7941,1.65335,-13.0914,1.66763,22.8806,-2.32098
801,-13.8118,1.66518,-13.1137,1.65925,22.9155,-2.32443
802,-13.8293,1.67702,-13.1362,1.65087,22.9505,-2.32789
803,-13.8466,1.68885,-13.1588,1.64249,22.9855,-2.33134
804,-13.8637,1.70066,-13.1817,1.63413,23.0204,-2.33479
805,-13.8806,1.71245,-13.2048,1.62579,23.0554,-2.33825
806,-13.8972,1.72422,-13.2281,1.61748,23.0904,-2.3417
807,-13.9137,1.73595,-13.2517,1.6092,23.1253,-2.34516
808,-13.9299,1.74764,-13.2754,1.60097,23.1603,-2.34861
809,-13.9459,1.75928,-13.2994,1.59278,23.1953,-2.35206
810,-13.9617,1.77087,-13.3235,1.58465,23.2302,-2.35552
811,-13.9773,1.78239,-13.3479,1.57658,23.2652,-2.35897
812,-13.9926,1.79384,-13.3725,1.56858,23.3002,-2.36242
813,-14.0078,1.80521,-13.3974,1.56066,23.3351,-2.36588
814,-14.0227,1.8165,-13.4224,1.55283,23.3701,-2.36933
815,-14.0374,1.82769,-13.4477,1.54509,23.4051,-2.37279
816,-14.0519,1.83878,-13.4731,1.53745,23.44,-2.37624
817,-14.0662,1.84977,-13.4988,1.52992,23.475,-2.37969
818,-14.0803,1.86064,-13.5247,1.52251,23.51,-2.38315
819,-14.0942,1.87138,-13.5507,1.51522,23.5449,-2.3866
820,-14.1079,1.882,-13.577,1.50806,23.5799,-2.39005
821,-14.1214,1.89247,-13.6035,1.50103,23.6149,-2.39351
822,-14.1347,1.90281,-13.6302,1.49415,23.6498,-2.39696
823,-14.1478,1.91299,-13.657,1.48742,23.6848,-2.40041
824,-14.1607,1.92303,-13.684,1.48084,23.7198,-2.40387
825,-14.1735,1.9329,-13.7112,1.47443,23.7547,-2.40732
826,-14.1861,1.9426,-13.7386,1.46818,23.7897,-2.41077
827,-14.1986,1.95213,-13.7661,1.4621,23.8247,-2.41423
828,-14.2108,1.96149,-13.7938,1.45619,23.8596,-2.41768
829,-14.223,1.97067,-13.8216,1.45047,23.8946,-2.42114
830,-14.235,1.97966,-13.8496,1.44493,23.9295,-2.42459
831,-14.2468,1.98847,-13.8777,1.43957,23.9645,-2.42804
832,-14.2586,1.99709,-13.9059,1.43441,23.9995,-2.4315
833,-14.2702,2.00551,-13.9343,1.42944,24.0344,-2.43495
834,-14.2817,2.01374,-13.9627,1.42466,24.0694,-2.4384
835,-14.2931,2.02178,-13.9913,1.42008,24.1044,-2.44186
836,-14.3044,2.02962,-14.02,1.41569,24.1393,-2.44531
837,-14.3156,2.03726,-14.0487,1.41151,24.1743,-2.44876
838,-14.3267,2.0447,-14.0776,1.40752,24.2093,-2.45222
839,-14.3377,2.05194,-14.1065,1.40373,24.2442,-2.45567
840,-14.3487,2.05898,-14.1355,1.40014,24.2792,-2.45912
841,-14.3596,2.06583,-14.1646,1.39675,24.3141,-2.46258
842,-14.3704,2.07247,-14.1937,1.39356,24.3491,-2.46603
843,-14.3812,2.07892,-14.2228,1.39056,24.3841,-2.46948
844,-14.392,2.08518,-14.2521,1.38776,24.419,-2.47294
845,-14.4027,2.09124,-14.2813,1.38515,24.454,-2.47639
846,-14.4134,2.09711,-14.3106,1.38273,24.489,-2.47984
847,-14.424,2.10279,-14.3399,1.38051,24.5239,-2.48329
848,-14.4346,2.10828,-14.3692,1.37847,24.5589,-2.48675
849,-14.4453,2.11358,-14.3986,1.37662,24.5938,-2.4902
850,-14.4559,2.11871,-14.428,1.37495,24.6288,-2.49365
851,-14.4665,2.12365,-14.4573,1.37346,24.6638,-2.49711
852,-14.477,2.12841,-14.4867,1.37215,24.6987,-2.50056
853,-14.4876,2.133,-14.5161,1.37101,24.7337,-2.50401
854,-14.4982,2.13742,-14.5454,1.37004,24.7687,-2.50747
855,-14.5088,2.14167,-14.5748,1.36925,24.8036,-2.51092
856,-14.5195,2.14576,-14.6041,1.36862,24.8386,-2.51437
857,-14.5301,2.14968,-14.6334,1.36815,24.8735,-2.51783
858,-14.5408,2.15344,-14.6627,1.36784,24.9085,-2.52128
859,-14.5515,2.15704,-14.692,1.36769,24.9435,-2.52473
860,-14.5622,2.16049,-14.7212,1.36769,24.9784,-2.52819
861,-14.5729,2.1638,-14.7505,1.36784,25.0134,-2.53164
862,-14.5837,2.16695,-14.7796,1.36814,25.0483,-2.53509
863,-14.5945,2.16996,-14.8088,1.36858,25.0833,-2.53854
864,-14.6054,2.17283,-14.8379,1.36916,25.1183,-2.542
865,-14.6162,2.17557,-14.867,1.36988,25.1532,-2.54545
866,-14.6272,2.17817,-14.896,1.37074,25.1882,-2.5489
867,-14.6382,2.18063,-14.925,1.37172,25.2231,-2.55236
868,-14.6492,2.18298,-14.9539,1.37283,25.2581,-2.55581
869,-14.6602,2.18519,-14.9828,1.37407,25.2931,-2.55926
870,-14.6714,2.18728,-15.0117,1.37543,25.328,-2.56271
871,-14.6825,2.18926,-15.0405,1.37691,25.363,-2.56617
872,-14.6937,2.19112,-15.0692,1.3785,25.3979,-2.56962
873,-14.705,2.19286,-15.0979,1.38021,25.4329,-2.57307
874,-14.7163,2.1945,-15.1265,1.38203,25.4679,-2.57653
875,-14.7277,2.19603,-15.1551,1.38395,25.5028,-2.57998
876,-14.7391,2.19745,-15.1836,1.38598,25.5378,-2.58343
877,-14.7506,2.19877,-15.2121,1.38812,25.5727,-2.58688
878,-14.7622,2.19999,-15.2405,1.39035,25.6077,-2.59034
879,-14.7738,2.20111,-15.2689,1.39268,25.6426,-2.59379
880,-14.7854,2.20214,-15.2972,1.39511,25.6776,-2.59724
881,-14.7971,2.20307,-15.3254,1.39762,25.7126,-2.6007
882,-14.8089,2.20392,-15.3536,1.40023,25.7475,-2.60415
883,-14.8208,2.20467,-15.3817,1.40293,25.7825,-2.6076
884,-14.8327,2.20534,-15.4098,1.40571,25.8174,-2.61105
885,-14.8446,2.20593,-15.4378,1.40857,25.8524,-2.61451
886,-14.8566,2.20644,-15.4657,1.41152,25.8874,-2.61796
887,-14.8687,2.20687,-15.4936,1.41455,25.9223,-2.62141
888,-14.8808,2.20722,-15.5214,1.41765,25.9573,-2.62486
889,-14.893,2.20749,-15.5492,1.42083,25.9922,-2.62832
890,-14.9053,2.20769,-15.5769,1.42408,26.0272,-2.63177
891,-14.9176,2.20782,-15.6045,1.4274,26.0621,-2.63522
892,-14.93,2.20789,-15.6321,1.43079,26.0971,-2.63867
893,-14.9424,2.20788,-15.6596,1.43425,26.1321,-2.64213
894,-14.955,2.20781,-15.6871,1.43777,26.167,-2.64558
895,-14.9675,2.20767,-15.7144,1.44136,26.202,-2.64903
896,-14.9801,2.20747,-15.7418,1.44501,26.2369,-2.65249
897,-14.9928,2.20721,-15.769,1.44873,26.2719,-2.65594
898,-15.0056,2.20689,-15.7963,1.4525,26.3068,-2.65939
899,-15.0184,2.20652,-15.8234,1.45633,26.3418,-2.66284
900,-15.0313,2.20608,-15.8505,1.46021,26.3767,-2.6663
901,-15.0442,2.20559,-15.8775,1.46415,26.4117,-2.66975
902,-15.0572,2.20505,-15.9045,1.46815,26.4467,-2.6732
903,-15.0702,2.20446,-15.9314,1.47219,26.4816,-2.67665
904,-15.0833,2.20381,-15.9582,1.47629,26.5166,-2.68011
905,-15.0965,2.20312,-15.985,1.48044,26.5515,-2.68356
906,-15.1097,2.20238,-16.0118,1.48463,26.5865,-2.68701
907,-15.123,2.20159,-16.0384,1.48887,26.6214,-2.69046
908,-15.1364,2.20076,-16.065,1.49316,26.6564,-2.69391
909,-15.1498,2.19988,-16.0916,1.49749,26.6913,-2.69737
910,-15.1632,2.19895,-16.1181,1.50187,26.7263,-2.70082
911,-15.1767,2.19799,-16.1445,1.50628,26.7613,-2.70427
912,-15.1903,2.19698,-16.1709,1.51074,26.7962,-2.70772
913,-15.2039,2.19594,-16.1972,1.51524,26.8312,-2.71118
914,-15.2176,2.19485,-16.2235,1.51977,26.8661,-2.71463
915,-15.2314,2.19373,-16.2497,1.52435,26.9011,-2.71808
916,-15.2452,2.19257,-16.2758,1.52896,26.936,-2.72153
917,-15.259,2.19138,-16.3019,1.53361,26.971,-2.72499
918,-15.273,2.19015,-16.328,1.53829,27.0059,-2.72844
919,-15.2869,2.18888,-16.354,1.54301,27.0409,-2.73189
920,-15.3009,2.18758,-16.3799,1.54776,27.0758,-2.73534
921,-15.315,2.18625,-16.4058,1.55254,27.1108,-2.7388
922,-15.3292,2.18489,-16.4316,1.55736,27.1457,-2.74225
923,-15.3433,2.1835,-16.4574,1.5622,27.1807,-2.7457
924,-15.3576,2.18208,-16.4831,1.56708,27.2157,-2.74915
925,-15.3719,2.18062,-16.5087,1.57198,27.2506,-2.7526
926,-15.3862,2.17914,-16.5343,1.57691,27.2856,-2.75606
927,-15.4006,2.17764,-16.5599,1.58187,27.3205,-2.75951
928,-15.4151,2.1761,-16.5854,1.58686,27.3555,-2.76296
929,-15.4296,2.17454,-16.6108,1.59187,27.3904,-2.76641
930,-15.4441,2.17295,-16.6362,1.59691,27.4254,-2.76986
931,-15.4587,2.17134,-16.6616,1.60198,27.4603,-2.77332
932,-15.4734,2.16971,-16.6869,1.60706,27.4953,-2.77677
933,-15.4881,2.16805,-16.7121,1.61217,27.5302,-2.78022
934,-15.5029,2.16636,-16.7373,1.61731,27.5652,-2.78367
935,-15.5177,2.16466,-16.7625,1.62247,27.6001,-2.78713
936,-15.5325,2.16293,-16.7876,1.62764,27.6351,-2.79058
937,-15.5474,2.16119,-16.8126,1.63284,27.67,-2.79403
938,-15.5624,2.15942,-16.8376,1.63806,27.705,-2.79748
939,-15.5774,2.15763,-16.8625,1.6433,27.7399,-2.80093
940,-15.5925,2.15583,-16.8874,1.64856,27.7749,-2.80439
941,-15.6076,2.154,-16.9123,1.65384,27.8098,-2.80784
942,-15.6227,2.15216,-16.9371,1.65913,27.8448,-2.81129
943,-15.6379,2.15029,-16.9618,1.66445,27.8797,-2.81474
944,-15.6531,2.14841,-16.9865,1.66978,27.9147,-2.81819
945,-15.6684,2.14652,-17.0112,1.67513,27.9496,-2.82165
946,-15.6838,2.14461,-17.0358,1.68049,27.9846,-2.8251
947,-15.6992,2.14268,-17.0604,1.68587,28.0195,-2.82855
948,-15.7146,2.14073,-17.0849,1.69127,28.0545,-2.832
949,-15.7301,2.13878,-17.1094,1.69668,28.0894,-2.83545
950,-15.7456,2.1368,-17.1338,1.7021,28.1244,-2.83891
951,-15.7611,2.13481,-17.1582,1.70754,28.1593,-2.84236
952,-15.7768,2.13281,-17.1825,1.713,28.1943,-2.84581
953,-15.7924,2.1308,-17.2068,1.71846,28.2292,-2.84926
954,-15.8081,2.12877,-17.2311,1.72394,28.2642,-2.85271
955,-15.8239,2.12673,-17.2553,1.72943,28.2991,-2.85617
956,-15.8396,2.12468,-17.2795,1.73494,28.3341,-2.85962
957,-15.8555,2.12262,-17.3036,1.74045,28.369,-2.86307
958,-15.8713,2.12054,-17.3277,1.74598,28.404,-2.86652
959,-15.8873,2.11846,-17.3517,1.75152,28.4389,-2.86997
960,-15.9032,2.11636,-17.3757,1.75707,28.4739,-2.87342
961,-15.9192,2.11425,-17.3996,1.76262,28.5088,-2.87688
962,-15.9353,2.11213,-17.4235,1.76819,28.5438,-2.88033
963,-15.9513,2.11001,-17.4474,1.77377,28.5787,-2.88378
964,-15.9675,2.10787,-17.4712,1.77936,28.6137,-2.88723
965,-15.9836,2.10573,-17.495,1.78496,28.6486,-2.89068
966,-15.9998,2.10357,-17.5187,1.79056,28.6836,-2.89414
967,-16.0161,2.10141,-17.5424,1.79618,28.7185,-2.89759
968,-16.0324,2.09924,-17.5661,1.8018,28.7535,-2.90104
969,-16.0487,2.09706,-17.5897,1.80743,28.7884,-2.90449
970,-16.0651,2.09488,-17.6133,1.81307,28.8234,-2.90794
971,-16.0815,2.09268,-17.6368,1.81871,28.8583,-2.91139
972,-16.0979,2.09048,-17.6603,1.82436,28.8933,-2.91485
973,-16.1144,2.08828,-17.6838,1.83002,28.9282,-2.9183
974,-16.1309,2.08606,-17.7072,1.83568,28.9632,-2.92175
975,-16.1475,2.08385,-17.7306,1.84136,28.9981,-2.9252
976,-16.1641,2.08162,-17.754,1.84703,29.0331,-2.92865
977,-16.1808,2.07939,-17.7773,1.85271,29.068,-2.9321
978,-16.1974,2.07715,-17.8005,1.8584,29.103,-2.93556
979,-16.2142,2.07491,-17.8238,1.86409,29.1379,-2.93901
980,-16.2309,2.07267,-17.847,1.86979,29.1729,-2.94246
981,-16.2477,2.07042,-17.8701,1.87549,29.2078,-2.94591
982,-16.2645,2.06816,-17.8932,1.8812,29.2428,-2.94936
983,-16.2814,2.0659,-17.9163,1.88691,29.2777,-2.95281
984,-16.2983,2.06364,-17.9394,1.89263,29.3127,-2.95627
985,-16.3152,2.06137,-17.9624,1.89835,29.3476,-2.95972
986,-16.3322,2.0591,-17.9853,1.90407,29.3826,-2.96317
987,-16.3492,2.05682,-18.0083,1.9098,29.4175,-2.96662
988,-16.3663,2.05455,-18.0312,1.91552,29.4524,-2.97007
989,-16.3834,2.05227,-18.054,1.92126,29.4874,-2.97352
990,-16.4005,2.04998,-18.0769,1.92699,29.5223,-2.97697
991,-16.4176,2.0477,-18.0997,1.93273,29.5573,-2.98043
992,-16.4348,2.04541,-18.1224,1.93847,29.5922,-2.98388
993,-16.452,2.04312,-18.1451,1.94421,29.6272,-2.98733
994,-16.4693,2.04083,-18.1678,1.94996,29.6621,-2.99078
995,-16.4866,2.03853,-18.1905,1.9557,29.6971,-2.99423
996,-16.5039,2.03623,-18.2131,1.96145,29.732,-2.99768
997,-16.5213,2.03394,-18.2357,1.9672,29.767,-3.00114
998,-16.5387,2.03164,-18.2582,1.97295,29.8019,-3.00459
999,-16.5561,2.02934,-18.2807,1.9787,29.8369,-3.00804
